﻿소속,주소,부서,팀,인원
광진소방서,구의1동,소방행정과,행정팀,5
,,,장비회계팀,4
,,,홍보교육팀,4
,,재난관리과,대응총괄팀,4
,,,구조팀,3
,,,구급팀,3
,,예방과,예방팀,5
,,,검사지도팀,10
,,,위험물안전팀,3
,,현장대응단,지휘1팀,6
,,,지휘2팀,6
,,,지휘3팀,6
,,,구의119안전센터1팀,20
,,,구의119안전센터2팀,20
,,,구의119안전센터3팀,20
,,,119구조대1팀,8
,,,119구조대2팀,8
,,,119구조대3팀,8
능동119안전센터,능동,,1팀,13
,,,2팀,13
,,,3팀,13
중곡119안전센터5,중곡4동,,1팀,10
,,,2팀,10
,,,3팀,10
뚝섬수난구조대,자양4동,,,19
